[{"id":3,"name":"销售部员工","desc":"销售部门基层员工","power":"","time":1568640222269,"state":0},{"id":4,"name":"产品研发部经理","desc":"产品研发部门最高权限拥有者","power":"departcustomer","time":1568640222269,"state":0},{"id":5,"name":"产品研发部员工","desc":"产品研发部门基层员工","power":"","time":1568640222269,"state":0},{"id":6,"name":"后勤部经理","desc":"后勤部门最高权限拥有者","power":"userhandle|departhandle|jobhandle|departcustomer|resetpassword","time":1568640222269,"state":0},{"id":7,"name":"bcbc","desc":"hvnbvnbv","power":"userhandle|departhandle","time":1568903545752,"state":0},{"id":8,"name":"jhhjjjj","desc":"hhghgjjgj","power":"userhandle","time":1568903557065,"state":1}]