[{"id":1,"name":"珠峰培训","password":"8376ac810bb9f231d28fcf1f","sex":0,"email":"1144709265@qq.com","phone":"18310612838","departmentId":1,"jobId":1,"desc":"珠峰培训最高管理员账户","time":1568640222269,"state":0},{"id":2,"name":"周啸天","password":"8376ac810bb9f231d28fcf1f","sex":0,"email":"zhouxiaotian@qq.com","phone":"13041086186","departmentId":1,"jobId":5,"desc":"","time":1568640222269,"state":0},{"id":3,"name":"圧","password":"8376ac810bb9f231d28fcf1f","sex":"on","email":"圧","phone":"夺","departmentId":"0","jobId":"0","desc":"圧","time":1568882730203,"state":0},{"id":4,"name":"dfd","password":"8376ac810bb9f231d28fcf1f","sex":"on","email":"dfd","phone":"dfdf","departmentId":"0","jobId":"0","desc":"sdfdsf","time":1568885583199,"state":0},{"id":5,"name":"11111","password":"8376ac810bb9f231d28fcf1f","sex":"on","email":"11111","phone":"11111","departmentId":"0","jobId":"0","desc":"111111","time":1568885991494,"state":0}]